SKU,Наличност,Бройки,Цена (лв.)
956992,Наличен,-,36.20
956993,Наличен,-,36.20
956994,Наличен,-,36.20
956995,Наличен,-,36.20
951466,Наличен,-,17.90
951467,Наличен,-,17.90
951468,Наличен,-,17.90
930846,Наличен,-,16.20
923573,Наличен,-,18.00
930848,Наличен,-,18.00
923574,Наличен,-,18.00
923575,Наличен,-,18.00
924141,Наличен,-,18.00
924142,Наличен,-,18.00
923577,Наличен,-,18.00
923578,Наличен,-,18.00
926222,Наличен,-,18.00
949551,Наличен,-,18.00
949552,Наличен,-,18.00
930849,Наличен,-,18.00
941850,Наличен,-,18.00
924145,Наличен,-,18.00
924146,Наличен,-,18.00
926223,Наличен,-,18.00
923585,Наличен,-,18.00
930851,Наличен,-,18.00
924149,Наличен,-,18.00
924150,Изчерпан,-,18.00
928471,Наличен,-,18.00
923586,Наличен,-,18.00
936736,Наличен,-,18.00
934410,Наличен,-,18.00
923587,Наличен,-,18.00
924151,Изчерпан,-,18.00
936737,Наличен,-,18.00
924152,Наличен,-,18.00
936738,Наличен,-,18.00
954606,Наличен,-,18.00
923588,Наличен,-,18.00
936735,Наличен,-,18.00
926224,Наличен,-,19.80
949553,Наличен,-,18.50
949554,Наличен,-,19.80
949555,Наличен,-,18.50
930854,Наличен,-,19.80
923596,Наличен,-,19.80
924153,Наличен,-,18.50
926225,Наличен,-,18.50
923597,Наличен,-,19.80
930856,Наличен,-,18.50
924156,Наличен,-,18.50
928473,Наличен,-,18.50
923600,Наличен,-,18.50
936739,Наличен,-,18.50
954622,Изчерпан,-,19.80
936741,Наличен,-,19.80
936743,Наличен,-,18.50
955022,Наличен,-,19.80
936745,Наличен,-,18.50
926226,Наличен,-,21.80
936731,Наличен,-,19.00
936733,Наличен,-,21.80
924159,Наличен,-,20.50
949556,Наличен,-,20.50
926245,Наличен,-,18.00
941857,Наличен,-,18.00
924179,Изчерпан,-,18.00
923734,Наличен,-,18.00
924182,Наличен,-,18.00
924184,Наличен,-,18.00
936790,Наличен,-,18.00
923736,Наличен,-,18.00
923737,Наличен,-,18.00
939367,Наличен,-,18.00
926247,Наличен,-,18.00
924191,Наличен,-,18.00
924202,Наличен,-,21.50
923813,Наличен,-,21.50
923814,Наличен,-,21.50
924203,Наличен,-,22.50
924205,Наличен,-,22.50
923818,Наличен,-,22.50
923819,Изчерпан,-,24.00
923820,Наличен,-,24.00
923821,Изчерпан,-,24.00
924206,Наличен,-,21.50
954609,Наличен,-,24.00
924207,Наличен,-,24.00
923822,Изчерпан,-,24.00
933085,Наличен,-,27.90
934442,Наличен,-,25.00
932387,Наличен,-,27.90
933084,Наличен,-,27.90
933643,Наличен,-,27.90
932389,Наличен,-,27.90
955252,Наличен,-,27.90
954563,Наличен,-,25.00
960450,Наличен,-,22.50
923837,Наличен,-,19.50
924222,Наличен,-,19.50
923839,Наличен,-,19.50
923840,Наличен,-,19.50
924223,Наличен,-,19.50
926254,Наличен,-,19.50
960856,Наличен,-,19.50
928673,Наличен,-,17.90
928549,Наличен,-,17.90
928674,Наличен,-,17.90
928550,Наличен,-,17.90
954612,Наличен,-,17.90
936818,Наличен,-,17.90
958191,Наличен,-,19.30
958190,Наличен,-,19.30
928552,Наличен,-,21.50
928554,Наличен,-,21.50
928555,Наличен,-,21.50
926278,Наличен,-,21.90
924241,Наличен,-,21.90
923870,Наличен,-,20.50
954615,Наличен,-,20.50
934929,Наличен,-,20.90
959366,Наличен,-,22.30
960457,Наличен,-,22.30
928558,Наличен,-,20.90
949557,Наличен,-,20.90
928559,Наличен,-,23.20
928562,Наличен,-,25.30
954607,Наличен,-,18.90
954608,Наличен,-,18.90
955259,Наличен,-,18.90
955260,Наличен,-,18.90
955261,Наличен,-,17.20
928648,Наличен,-,18.90
923774,Наличен,-,18.90
923776,Наличен,-,18.90
923779,Наличен,-,17.50
923781,Изчерпан,-,18.90
924197,Наличен,-,18.90
928505,Наличен,-,19.90
923782,Наличен,-,19.90
923784,Наличен,-,19.90
934436,Наличен,-,18.00
923787,Наличен,-,19.90
923788,Наличен,-,19.90
928506,Наличен,-,19.90
934437,Наличен,-,19.90
923790,Наличен,-,19.90
923791,Наличен,-,19.90
939374,Наличен,-,19.90
928508,Наличен,-,22.90
936804,Наличен,-,20.80
923792,Наличен,-,22.90
923794,Наличен,-,20.80
934438,Наличен,-,22.90
939375,Наличен,-,20.80
923796,Наличен,-,22.90
923797,Наличен,-,22.90
928510,Наличен,-,20.80
934439,Наличен,-,22.90
923798,Наличен,-,22.90
923799,Наличен,-,22.90
939376,Наличен,-,20.80
928511,Наличен,-,20.80
936809,Наличен,-,22.20
932386,Наличен,-,24.00
933642,Наличен,-,22.20
926250,Наличен,-,24.00
926409,Наличен,-,22.20
928512,Наличен,-,22.20
928608,Наличен,-,18.20
928609,Наличен,-,16.80
928610,Наличен,-,18.50
928611,Наличен,-,18.50
930187,Наличен,-,18.50
928595,Наличен,-,18.20
928596,Наличен,-,18.20
936894,Наличен,-,18.20
930182,Наличен,-,18.20
928689,Наличен,-,18.20
930183,Наличен,-,18.20
928599,Наличен,-,18.20
930184,Наличен,-,18.20
930188,Наличен,-,21.50
930190,Наличен,-,21.50
930191,Изчерпан,-,21.50
941905,Наличен,-,21.50
930195,Наличен,-,21.50
941906,Наличен,-,21.50
930196,Наличен,-,22.30
930198,Наличен,-,20.30
930930,Наличен,-,20.30
941907,Наличен,-,20.30
930201,Наличен,-,22.30
930202,Наличен,-,20.30
941935,Наличен,-,22.30
930603,Изчерпан,-,27.20
930842,Наличен,-,27.20
930604,Наличен,-,27.20
930606,Наличен,-,27.20
930843,Наличен,-,27.20
930607,Наличен,-,27.20
930608,Наличен,-,27.20
930609,Наличен,-,40.50
930122,Наличен,-,40.50
931458,Наличен,-,36.20
930844,Наличен,-,36.20
932732,Наличен,-,40.50
930475,Наличен,-,40.50
930123,Наличен,-,36.20
930845,Наличен,-,36.20
961821,Наличен,-,31.90
961739,Наличен,-,31.90
939369,Наличен,-,27.50
923763,Наличен,-,27.50
939370,Наличен,-,27.50
927783,Наличен,-,27.20
927785,Наличен,-,28.00
927786,Наличен,-,29.80
927787,Наличен,-,27.20
927788,Изчерпан,-,29.80
953417,Наличен,-,31.50
928545,Наличен,-,34.50
926255,Наличен,-,31.50
926256,Наличен,-,34.50
927789,Наличен,-,34.50
926258,Наличен,-,34.50
926868,Наличен,-,34.50
926259,Наличен,-,34.50
926869,Наличен,-,34.50
941875,Наличен,-,34.50
941876,Наличен,-,34.50
941920,Наличен,-,34.50
953418,Наличен,-,33.90
945169,Наличен,-,34.50
945170,Наличен,-,34.50
933327,Наличен,-,35.60
933328,Наличен,-,35.60
933824,Наличен,-,35.60
933329,Наличен,-,35.60
933087,Наличен,-,33.90
941877,Наличен,-,35.60
941922,Наличен,-,35.60
939387,Наличен,-,36.50
945174,Наличен,-,36.50
945175,Наличен,-,36.50
933825,Наличен,-,36.50
933330,Наличен,-,38.90
933331,Наличен,-,38.90
933332,Наличен,-,38.90
933538,Наличен,-,38.90
941878,Наличен,-,36.50
941879,Наличен,-,38.90
941923,Наличен,-,38.90
960607,Наличен,-,29.80
959912,Наличен,-,34.50
959913,Наличен,-,38.90
960451,Наличен,-,35.60
923960,Наличен,-,23.20
954634,Наличен,-,20.50
954635,Наличен,-,20.50
923967,Наличен,-,20.50
923969,Наличен,-,23.20
945741,Наличен,-,23.50
923971,Наличен,-,23.50
923972,Наличен,-,21.80
923973,Наличен,-,23.50
954636,Наличен,-,23.50
954637,Наличен,-,23.50
923974,Наличен,-,23.50
954638,Наличен,-,23.50
954639,Наличен,-,21.80
923976,Изчерпан,-,27.30
923977,Наличен,-,23.50
954640,Наличен,-,27.30
954641,Наличен,-,27.30
923980,Наличен,-,27.30
954642,Наличен,-,27.30
954643,Наличен,-,27.30
932436,Наличен,-,26.00
932437,Наличен,-,26.00
932438,Наличен,-,26.00
939406,Наличен,-,26.00
932440,Наличен,-,26.00
932441,Наличен,-,23.80
932443,Наличен,-,26.00
932444,Наличен,-,26.00
936827,Наличен,-,26.00
932446,Наличен,-,26.00
939407,Наличен,-,26.00
932409,Изчерпан,-,22.30
952525,Наличен,-,22.30
932410,Наличен,-,22.30
947195,Наличен,-,22.30
932411,Наличен,-,22.30
947196,Изчерпан,-,20.20
939392,Изчерпан,-,22.30
934909,Наличен,-,22.30
932412,Наличен,-,22.30
939393,Изчерпан,-,22.30
939394,Изчерпан,-,22.30
948377,Наличен,-,22.30
941880,Наличен,-,22.30
934407,Наличен,-,25.80
934932,Наличен,-,28.70
934936,Наличен,-,28.70
934487,Наличен,-,28.70
934488,Наличен,-,28.70
934951,Наличен,-,24.90
934952,Наличен,-,27.00
935718,Наличен,-,28.90
935720,Наличен,-,25.90
935721,Наличен,-,28.90
935722,Наличен,-,28.90
935723,Наличен,-,25.90
935724,Наличен,-,28.90
935725,Наличен,-,25.90
939416,Наличен,-,28.90
935727,Изчерпан,-,28.90
935728,Наличен,-,28.90
935729,Наличен,-,28.90
935730,Наличен,-,28.90
935731,Наличен,-,25.90
935732,Наличен,-,25.90
935733,Наличен,-,25.90
935734,Наличен,-,25.90
938726,Наличен,-,25.90
935736,Наличен,-,25.90
938727,Наличен,-,25.90
939418,Наличен,-,28.90
938728,Наличен,-,25.90
938729,Наличен,-,25.90
935739,Наличен,-,28.90
935740,Наличен,-,28.90
945162,Наличен,-,32.50
945163,Наличен,-,32.50
935706,Наличен,-,30.20
935707,Наличен,-,32.50
935708,Наличен,-,32.50
935709,Наличен,-,32.50
935713,Наличен,-,30.20
935714,Наличен,-,32.50
935716,Наличен,-,32.50
935717,Наличен,-,30.20
936869,Наличен,-,30.90
936871,Наличен,-,33.50
936876,Наличен,-,33.50
948649,Наличен,-,35.00
936897,Изчерпан,-,18.20
936900,Наличен,-,18.20
936904,Наличен,-,18.20
939447,Наличен,-,18.20
954613,Наличен,-,27.50
938730,Наличен,-,27.50
954614,Наличен,-,27.50
938731,Изчерпан,-,23.10
941896,Наличен,-,27.50
939419,Изчерпан,-,27.50
938734,Наличен,-,27.50
941925,Наличен,-,27.50
938737,Наличен,-,27.50
938738,Наличен,-,27.50
938739,Наличен,-,26.90
938740,Наличен,-,26.90
938741,Наличен,-,24.60
939420,Наличен,-,24.60
938743,Наличен,-,24.60
938744,Наличен,-,24.60
938745,Наличен,-,24.60
938747,Изчерпан,-,26.90
938748,Наличен,-,24.60
939435,Наличен,-,24.80
939438,Наличен,-,24.80
939439,Наличен,-,26.60
939440,Наличен,-,26.60
939441,Наличен,-,26.60
939442,Наличен,-,26.60
945717,Наличен,-,18.50
945718,Наличен,-,22.20
945719,Наличен,-,22.20
945720,Наличен,-,22.20
945722,Наличен,-,18.50
939410,Наличен,-,20.50
939413,Наличен,-,20.50
939415,Наличен,-,20.50
947197,Наличен,-,25.50
947200,Наличен,-,25.50
947201,Наличен,-,25.50
947202,Изчерпан,-,25.50
939443,Наличен,-,24.80
939444,Наличен,-,24.80
939446,Наличен,-,24.80
939421,Наличен,-,22.50
941886,Изчерпан,-,27.90
941887,Наличен,-,27.90
941888,Наличен,-,27.90
941924,Наличен,-,27.90
941890,Наличен,-,27.90
941882,Наличен,-,23.60
941883,Наличен,-,23.60
941884,Наличен,-,25.50
941885,Наличен,-,25.50
945702,Наличен,-,28.80
945703,Наличен,-,28.80
945704,Наличен,-,30.90
945705,Наличен,-,30.90
945706,Наличен,-,30.90
949559,Наличен,-,60.00
949560,Наличен,-,55.00
949562,Наличен,-,60.00
947207,Наличен,-,55.00
944024,Наличен,-,55.00
950424,Наличен,-,30.50
950425,Наличен,-,27.50
950565,Наличен,-,27.50
945709,Наличен,-,30.80
943829,Наличен,-,30.80
945708,Наличен,-,30.80
943834,Наличен,-,30.80
943835,Наличен,-,30.80
945725,Наличен,-,24.30
945727,Наличен,-,24.30
945728,Наличен,-,24.30
945729,Наличен,-,24.30
945730,Наличен,-,24.30
946462,Наличен,-,26.50
946463,Наличен,-,26.50
945731,Наличен,-,24.30
952276,Наличен,-,32.60
952277,Наличен,-,32.60
952278,Наличен,-,32.60
952279,Наличен,-,32.60
952280,Наличен,-,32.60
952281,Наличен,-,32.60
952282,Наличен,-,32.60
952831,Наличен,-,32.60
945938,Наличен,-,33.50
946638,Наличен,-,33.50
945939,Наличен,-,33.50
945940,Наличен,-,33.50
946639,Наличен,-,33.50
945941,Наличен,-,32.60
945942,Наличен,-,33.50
947203,Изчерпан,-,33.50
947204,Наличен,-,33.50
947205,Изчерпан,-,33.50
947208,Наличен,-,41.50
947209,Наличен,-,41.50
947540,Наличен,-,39.20
945699,Наличен,-,16.50
945700,Наличен,-,16.50
945701,Наличен,-,16.50
947210,Наличен,-,42.00
947211,Наличен,-,42.00
947213,Наличен,-,42.00
945747,Наличен,-,48.80
945748,Наличен,-,48.80
945749,Наличен,-,48.80
945750,Наличен,-,48.80
947319,Наличен,-,34.90
947320,Наличен,-,34.90
956991,Наличен,-,34.90
947262,Наличен,-,34.90
947263,Наличен,-,34.90
956991,Наличен,-,34.90
947321,Наличен,-,34.90
948373,Наличен,-,24.50
948127,Наличен,-,25.80
948374,Наличен,-,25.80
948375,Наличен,-,25.80
959907,Наличен,-,25.80
960439,Наличен,-,25.80
959906,Наличен,-,25.80
956051,Наличен,-,26.50
960440,Наличен,-,26.50
959908,Наличен,-,26.50
959909,Наличен,-,26.50
956052,Наличен,-,26.50
961735,Наличен,-,25.80
949999,Наличен,-,25.80
961736,Наличен,-,25.80
961737,Наличен,-,25.80
948997,Наличен,-,27.50
948998,Наличен,-,27.50
949000,Наличен,-,27.50
938705,Наличен,-,27.50
961738,Наличен,-,27.50
938709,Наличен,-,27.50
936776,Наличен,-,31.80
933397,Наличен,-,31.80
949006,Наличен,-,31.80
950058,Наличен,-,68.00
950059,Наличен,-,68.00
950060,Наличен,-,68.00
950063,Наличен,-,17.50
950064,Наличен,-,17.50
950065,Наличен,-,17.50
950066,Наличен,-,17.50
950067,Изчерпан,-,17.50
961757,Наличен,-,20.90
961758,Наличен,-,20.90
961759,Наличен,-,20.90
961760,Наличен,-,20.90
962420,Наличен,-,20.90
961761,Наличен,-,20.90
961762,Наличен,-,20.90
950068,Изчерпан,-,25.30
950069,Наличен,-,25.30
950070,Наличен,-,25.30
950071,Наличен,-,25.30
950072,Наличен,-,25.30
953772,Наличен,-,23.50
953773,Наличен,-,23.50
953776,Наличен,-,23.50
953777,Наличен,-,23.50
950261,Изчерпан,-,24.50
950075,Изчерпан,-,24.50
950076,Изчерпан,-,24.50
950077,Изчерпан,-,24.50
955459,Наличен,-,30.00
955460,Наличен,-,30.00
955461,Наличен,-,30.00
955462,Наличен,-,30.00
955463,Наличен,-,30.00
955465,Наличен,-,30.00
955464,Наличен,-,30.00
954623,Наличен,-,31.90
951903,Наличен,-,31.90
952275,Наличен,-,31.90
952100,Наличен,-,31.90
954624,Наличен,-,31.90
952101,Наличен,-,31.90
952092,Наличен,-,31.90
952523,Наличен,-,31.90
952102,Наличен,-,31.90
957954,Наличен,-,31.90
957956,Наличен,-,31.90
957957,Наличен,-,31.90
957958,Наличен,-,31.90
954625,Наличен,-,31.50
952103,Наличен,-,31.50
954626,Наличен,-,31.50
958192,Наличен,-,31.50
950154,Наличен,-,31.50
954627,Наличен,-,31.50
950155,Наличен,-,31.50
955315,Наличен,-,31.50
951905,Наличен,-,31.50
950156,Наличен,-,31.50
950157,Изчерпан,-,31.50
955453,Наличен,-,37.50
954628,Изчерпан,-,37.50
954629,Наличен,-,37.50
955454,Наличен,-,37.50
950421,Наличен,-,22.80
950671,Наличен,-,20.80
950422,Наличен,-,20.80
956336,Наличен,-,25.90
956337,Наличен,-,25.90
956338,Наличен,-,25.90
956339,Наличен,-,25.90
953415,Наличен,-,30.50
953416,Наличен,-,30.50
955455,Наличен,-,35.60
955456,Наличен,-,35.60
955457,Наличен,-,35.60
954616,Наличен,-,33.20
954617,Наличен,-,33.20
954618,Наличен,-,33.20
954619,Наличен,-,33.20
954620,Наличен,-,33.20
954621,Наличен,-,33.20
956061,Наличен,-,24.20
956062,Наличен,-,24.20
956063,Изчерпан,-,24.20
956064,Наличен,-,24.20
956065,Изчерпан,-,24.20
955466,Наличен,-,27.00
955467,Наличен,-,27.00
955468,Наличен,-,27.00
955469,Наличен,-,27.00
959209,Наличен,-,24.20
959207,Наличен,-,27.00
959208,Наличен,-,30.50
961752,Наличен,-,27.60
955473,Наличен,-,27.60
959210,Наличен,-,27.60
956625,Наличен,-,27.60
955474,Наличен,-,27.60
956626,Наличен,-,27.60
961753,Наличен,-,31.20
961754,Наличен,-,31.20
959211,Наличен,-,31.20
961755,Наличен,-,31.20
961756,Наличен,-,31.20
955470,Наличен,-,29.60
955471,Наличен,-,29.60
955472,Наличен,-,29.60
960458,Наличен,-,30.00
960855,Наличен,-,30.00
960459,Наличен,-,30.00
960687,Наличен,-,30.00
956356,Наличен,-,31.80
956357,Наличен,-,31.80
956358,Наличен,-,31.80
956359,Наличен,-,31.80
942900,Наличен,-,17.80
421259,Наличен,-,17.80
930000,Наличен,-,17.80
421367,Наличен,-,17.80
939185,Наличен,-,17.80
421263,Наличен,-,18.50
421434,Наличен,-,15.50
421435,Наличен,-,15.50
955373,Наличен,-,15.50
421436,Наличен,-,15.50
929989,Наличен,-,15.50
934260,Наличен,-,15.50
955071,Наличен,-,16.50
929197,Наличен,-,16.50
421201,Наличен,-,16.50
941141,Наличен,-,16.50
421203,Наличен,-,16.50
929198,Наличен,-,16.50
933492,Наличен,-,16.50
934270,Наличен,-,16.50
927412,Наличен,-,17.20
421218,Наличен,-,17.20
929206,Наличен,-,17.20
421219,Наличен,-,17.20
934276,Наличен,-,17.20
421232,Наличен,-,18.50
421234,Наличен,-,18.50
939189,Наличен,-,18.50
421235,Наличен,-,18.50
955375,Наличен,-,18.50
934282,Наличен,-,18.50
955376,Наличен,-,18.50
948353,Наличен,-,15.50
421284,Наличен,-,15.50
421287,Наличен,-,17.30
421288,Наличен,-,17.30
421290,Наличен,-,17.50
920248,Наличен,-,17.50
930018,Наличен,-,20.50
421355,Наличен,-,20.50
920249,Наличен,-,20.50
421441,Наличен,-,17.30
421442,Изчерпан,-,17.30
930003,Наличен,-,17.30
921762,Наличен,-,15.50
961764,Наличен,-,15.50
953534,Наличен,-,15.50
421304,Наличен,-,15.50
950782,Наличен,-,15.50
961763,Наличен,-,15.50
421305,Наличен,-,15.50
949531,Наличен,-,15.50
961381,Наличен,-,15.50
949529,Наличен,-,15.50
421303,Наличен,-,15.50
949530,Наличен,-,15.50
957819,Наличен,-,18.50
930013,Наличен,-,18.50
926355,Наличен,-,18.50
957818,Наличен,-,18.50
921784,Наличен,-,27.90
921785,Наличен,-,27.90
421421,Наличен,-,18.50
421422,Наличен,-,18.50
421424,Наличен,-,18.50
934288,Наличен,-,18.50
939192,Изчерпан,-,27.80
421322,Изчерпан,-,17.90
421446,Наличен,-,17.90
955655,Наличен,-,21.90
955656,Наличен,-,21.90
954242,Наличен,-,21.80
421413,Наличен,-,21.80
421414,Наличен,-,21.80
955659,Наличен,-,23.30
421443,Изчерпан,-,23.30
421444,Наличен,-,23.30
954137,Наличен,-,24.90
955819,Наличен,-,15.50
956205,Наличен,-,15.50
957574,Наличен,-,15.50
942934,Наличен,-,15.50
945321,Наличен,-,15.50
920269,Наличен,-,15.50
954699,Наличен,-,15.50
421374,Наличен,-,15.50
421375,Наличен,-,15.50
954698,Наличен,-,15.50
932343,Наличен,-,15.50
421376,Наличен,-,15.50
929995,Наличен,-,15.50
957171,Наличен,-,15.50
421338,Наличен,-,15.50
942935,Наличен,-,15.50
936411,Наличен,-,15.50
960398,Наличен,-,15.50
920270,Наличен,-,15.50
957172,Наличен,-,15.50
925683,Наличен,-,15.50
421377,Наличен,-,15.50
421378,Наличен,-,15.50
960397,Наличен,-,15.50
955928,Наличен,-,15.50
421401,Наличен,-,18.50
960487,Наличен,-,18.50
955371,Наличен,-,18.50
955369,Наличен,-,18.50
955644,Наличен,-,18.50
421402,Наличен,-,18.50
920250,Наличен,-,18.50
421404,Наличен,-,18.50
960486,Наличен,-,18.50
934303,Изчерпан,-,18.50
933494,Наличен,-,18.50
956396,Наличен,-,18.50
956395,Наличен,-,18.50
925684,Наличен,-,18.50
961097,Наличен,-,24.90
961096,Наличен,-,24.90
961098,Наличен,-,24.90
961374,Наличен,-,24.90
943172,Наличен,-,24.90
933889,Наличен,-,26.30
933895,Наличен,-,29.50
937889,Наличен,-,21.80
956724,Наличен,-,23.30
956723,Наличен,-,23.30
956722,Наличен,-,23.30
937891,Наличен,-,23.30
956399,Наличен,-,27.80
956400,Наличен,-,27.80
956485,Наличен,-,44.80
956484,Наличен,-,44.80
957966,Наличен,-,21.80
957816,Наличен,-,21.80
957945,Наличен,-,21.80
955639,Наличен,-,24.90
953538,Наличен,-,24.90
955638,Изчерпан,-,24.90
955640,Наличен,-,24.90
956719,Наличен,-,24.90
955562,Наличен,-,24.90
955868,Наличен,-,24.90
956718,Наличен,-,24.90
956394,Наличен,-,24.90
958556,Наличен,-,27.80
958081,Наличен,-,27.80
958082,Наличен,-,27.80
957967,Наличен,-,21.80
957817,Наличен,-,21.80
949125,Изчерпан,-,24.90
956721,Наличен,-,24.90
949126,Наличен,-,24.90
955643,Наличен,-,24.90
955642,Наличен,-,24.90
936429,Наличен,-,24.90
956720,Наличен,-,24.90
955641,Наличен,-,24.90
958704,Наличен,-,27.80
958083,Наличен,-,27.80
958305,Наличен,-,27.80
956483,Наличен,-,41.20
956717,Наличен,-,41.20
953597,Наличен,-,25.60
955924,Наличен,-,25.60
938159,Наличен,-,25.60
936434,Наличен,-,25.60
936649,Наличен,-,25.60
936437,Наличен,-,25.60
946715,Наличен,-,25.60
936439,Наличен,-,25.60
955925,Наличен,-,25.60
952693,Наличен,-,25.60
949357,Наличен,-,25.60
938162,Наличен,-,25.60
936650,Наличен,-,25.60
937219,Наличен,-,25.60
936651,Наличен,-,25.60
946718,Изчерпан,-,25.60
960733,Наличен,-,25.60
936438,Наличен,-,25.60
938161,Наличен,-,25.60
936436,Наличен,-,25.60
961380,Наличен,-,25.60
936435,Наличен,-,25.60
957821,Наличен,-,18.50
957820,Наличен,-,18.50
921129,Наличен,-,18.50
930016,Наличен,-,18.50
421312,Наличен,-,18.50
421311,Наличен,-,18.50
957175,Наличен,-,23.30
957174,Наличен,-,23.30
957173,Наличен,-,23.30
954851,Наличен,-,23.30
954850,Наличен,-,23.30
946205,Наличен,-,23.30
946206,Наличен,-,23.30
961379,Наличен,-,15.50
947217,Наличен,-,15.50
947218,Наличен,-,15.50
947297,Наличен,-,15.50
947237,Наличен,-,15.50
949132,Изчерпан,-,25.80
949131,Наличен,-,25.80
949129,Наличен,-,25.80
949128,Наличен,-,25.80
949127,Наличен,-,25.80
950953,Изчерпан,-,27.80
951328,Изчерпан,-,27.80
951191,Наличен,-,27.80
951190,Наличен,-,27.80
957177,Наличен,-,18.50
957176,Наличен,-,18.50
949536,Наличен,-,18.50
949602,Наличен,-,18.50
949721,Наличен,-,18.50
948836,Наличен,-,18.50
955665,Наличен,-,20.20
955662,Наличен,-,20.20
955663,Наличен,-,20.20
958900,Наличен,-,38.00
958899,Наличен,-,38.00
958898,Наличен,-,38.00
958713,Наличен,-,38.00
958712,Наличен,-,38.00
958711,Наличен,-,38.00
955143,Наличен,-,38.00
955144,Наличен,-,38.00
955145,Наличен,-,38.00
955146,Наличен,-,38.00
955147,Наличен,-,38.00
955148,Наличен,-,38.00
955149,Наличен,-,38.00
955150,Наличен,-,38.00
955151,Наличен,-,38.00
955152,Наличен,-,38.00
955153,Наличен,-,38.00
955155,Наличен,-,38.00
955140,Наличен,-,38.00
955142,Наличен,-,38.00
956505,Наличен,-,11.90
956506,Наличен,-,11.90
956507,Наличен,-,11.90
956504,Наличен,-,11.90
956503,Наличен,-,11.90
956450,Изчерпан,-,44.50
956451,Наличен,-,44.50
955497,Наличен,-,29.00
955496,Наличен,-,29.00
955492,Наличен,-,29.00
955499,Наличен,-,29.00
955501,Наличен,-,29.00
955502,Наличен,-,29.00
955503,Наличен,-,29.00
955504,Наличен,-,29.00
950566,Наличен,-,20.90
951913,Наличен,-,22.20
950672,Наличен,-,24.50
951914,Наличен,-,20.90
950567,Наличен,-,24.50
951915,Наличен,-,20.90
951916,Наличен,-,20.90
951917,Наличен,-,20.90
950568,Наличен,-,24.50
951918,Наличен,-,20.90
954630,Наличен,-,27.50
951919,Наличен,-,27.50
950569,Наличен,-,27.50
954631,Наличен,-,27.50
954632,Наличен,-,27.50
950570,Наличен,-,27.50
952098,Наличен,-,27.50
953020,Наличен,-,27.50
950571,Наличен,-,27.50
954633,Наличен,-,27.50
952283,Наличен,-,27.50
959920,Наличен,-,25.20
959922,Наличен,-,25.20
959923,Наличен,-,25.20
959924,Наличен,-,25.20
960745,Наличен,-,20.20
950738,Наличен,-,20.20
950735,Наличен,-,20.20
950737,Наличен,-,20.20
960748,Наличен,-,20.20
953673,Наличен,-,20.20
950736,Наличен,-,20.20
950952,Наличен,-,20.20
960189,Наличен,-,45.50
960190,Наличен,-,45.50
960191,Наличен,-,45.50
950458,Наличен,-,55.00
950460,Изчерпан,-,55.00
950461,Изчерпан,-,55.00
951140,Наличен,-,55.00
951141,Наличен,-,55.00
951142,Изчерпан,-,55.00
960195,Наличен,-,53.80
960196,Наличен,-,53.80
960197,Наличен,-,53.80
951712,Наличен,-,49.50
952107,Наличен,-,34.90
952108,Наличен,-,34.90
951921,Наличен,-,34.90
951922,Наличен,-,34.90
950831,Наличен,-,14.80
950832,Наличен,-,14.80
950834,Изчерпан,-,14.80
950833,Изчерпан,-,14.80
958596,Наличен,-,14.80
950835,Наличен,-,14.80
958595,Наличен,-,14.80
950836,Наличен,-,14.80
950837,Наличен,-,14.80
950839,Наличен,-,14.80
950840,Наличен,-,14.80
950841,Изчерпан,-,14.90
950842,Наличен,-,14.90
950843,Наличен,-,14.90
950844,Изчерпан,-,14.90
950845,Наличен,-,14.90
950846,Наличен,-,16.20
950847,Наличен,-,16.20
950848,Наличен,-,16.20
950849,Наличен,-,16.20
950850,Наличен,-,16.20
950861,Наличен,-,14.90
950822,Наличен,-,14.90
950823,Изчерпан,-,14.90
950824,Наличен,-,14.90
950825,Наличен,-,14.90
950828,Наличен,-,16.20
950829,Наличен,-,16.20
950826,Наличен,-,16.20
950827,Наличен,-,16.20
950830,Наличен,-,16.20
936206,Наличен,-,17.20
936207,Наличен,-,17.20
949372,Наличен,-,17.20
949373,Наличен,-,17.20
936208,Наличен,-,17.20
936209,Наличен,-,17.20
949374,Наличен,-,17.20
936210,Наличен,-,17.20
949363,Наличен,-,23.60
949362,Наличен,-,23.60
949360,Наличен,-,23.60
949361,Наличен,-,23.60
949359,Наличен,-,23.60
958592,Наличен,-,17.30
958594,Наличен,-,17.30
949375,Наличен,-,17.30
949376,Наличен,-,17.30
949377,Наличен,-,17.30
949378,Наличен,-,17.30
958593,Наличен,-,17.30
949380,Наличен,-,17.30
949379,Наличен,-,17.30
960192,Наличен,-,46.80
960193,Наличен,-,46.80
960194,Наличен,-,46.80
952484,Изчерпан,-,55.00
952301,Изчерпан,-,55.00
952305,Изчерпан,-,55.00
960198,Наличен,-,55.00
959782,Наличен,-,55.00
959783,Наличен,-,55.00
945296,Наличен,-,23.30
960746,Наличен,-,23.30
945292,Наличен,-,23.30
945293,Наличен,-,23.30
945294,Наличен,-,23.30
960732,Наличен,-,23.30
953599,Наличен,-,23.30
945295,Наличен,-,23.30
945297,Наличен,-,23.30
955922,Наличен,-,23.30
955923,Наличен,-,23.30
946492,Наличен,-,23.30
954132,Наличен,-,17.30
421445,Наличен,-,17.30
421321,Наличен,-,17.30
921781,Наличен,-,17.30
954136,Наличен,-,20.20
942951,Наличен,-,20.20
940186,Наличен,-,20.20
948260,Наличен,-,19.90
948259,Изчерпан,-,19.90
960739,Наличен,-,19.90
960738,Наличен,-,19.90
961032,Наличен,-,19.90
960753,Наличен,-,19.90
945329,Наличен,-,19.90
957968,Наличен,-,19.90
942972,Наличен,-,19.90
950439,Наличен,-,19.90
950438,Наличен,-,19.90
939592,Наличен,-,19.90
947594,Наличен,-,24.90
960751,Наличен,-,24.90
929229,Наличен,-,24.90
960749,Наличен,-,24.90
942973,Наличен,-,24.90
932346,Наличен,-,24.90
927425,Наличен,-,24.90
960957,Наличен,-,24.90
938924,Наличен,-,24.90
947673,Наличен,-,24.90
936448,Наличен,-,24.90
927426,Наличен,-,24.90
421381,Наличен,-,24.90
943136,Наличен,-,24.90
957969,Наличен,-,24.90
942976,Наличен,-,24.90
950444,Наличен,-,24.90
950443,Наличен,-,24.90
934291,Наличен,-,24.90
939854,Наличен,-,26.30
947593,Наличен,-,26.30
960752,Наличен,-,26.30
960750,Наличен,-,26.30
933890,Наличен,-,26.30
960754,Наличен,-,26.30
947674,Наличен,-,26.30
933893,Наличен,-,26.30
933891,Наличен,-,26.30
933892,Наличен,-,26.30
934289,Наличен,-,26.30
933897,Наличен,-,29.50
421405,Наличен,-,18.50
960489,Наличен,-,18.50
955372,Наличен,-,18.50
955370,Наличен,-,18.50
955645,Наличен,-,18.50
421406,Наличен,-,18.50
920251,Наличен,-,18.50
421408,Наличен,-,18.50
960488,Наличен,-,18.50
954540,Наличен,-,16.50
954538,Наличен,-,16.50
921115,Наличен,-,16.50
953537,Наличен,-,18.50
960726,Наличен,-,18.50
953536,Наличен,-,18.50
960729,Наличен,-,18.50
921119,Наличен,-,18.50
942782,Наличен,-,20.20
960727,Наличен,-,20.20
960730,Наличен,-,20.20
942783,Наличен,-,20.20
960728,Изчерпан,-,24.00
955561,Изчерпан,-,24.00
960731,Наличен,-,24.00
932347,Наличен,-,17.20
943898,Наличен,-,17.20
932349,Наличен,-,17.20
948368,Наличен,-,17.20
948367,Наличен,-,17.20
934293,Наличен,-,17.20
958761,Наличен,-,17.20
930020,Наличен,-,18.50
920243,Наличен,-,18.50
957757,Наличен,-,18.50
957756,Наличен,-,18.50
925920,Наличен,-,18.50
920244,Наличен,-,18.50
952521,Наличен,-,18.50
920245,Наличен,-,18.50
934295,Наличен,-,18.50
952520,Наличен,-,18.50
934297,Наличен,-,18.50
947672,Наличен,-,23.30
954131,Наличен,-,18.50
946208,Наличен,-,18.50
946209,Наличен,-,18.50
954243,Изчерпан,-,18.50
960490,Наличен,-,18.50
946210,Наличен,-,18.50
946348,Наличен,-,18.50
960491,Наличен,-,18.50
946211,Наличен,-,18.50
941801,Наличен,-,21.80
941990,Наличен,-,21.80
421272,Изчерпан,-,15.50
421273,Изчерпан,-,15.50
929221,Наличен,-,15.50
937216,Наличен,-,15.50
956398,Наличен,-,15.50
956397,Наличен,-,15.50
925682,Наличен,-,15.50
951388,Изчерпан,-,15.50
951387,Наличен,-,15.50
421271,Наличен,-,15.50
956864,Наличен,-,15.50
954967,Наличен,-,15.50
956863,Наличен,-,15.50
954968,Наличен,-,15.50
956865,Наличен,-,15.50
929222,Наличен,-,16.50
936425,Наличен,-,16.50
942942,Наличен,-,16.50
921775,Наличен,-,16.50
939709,Наличен,-,17.20
939708,Наличен,-,17.20
927422,Наличен,-,17.20
421268,Наличен,-,15.50
421267,Наличен,-,15.50
942936,Наличен,-,15.50
942937,Наличен,-,15.50
921125,Наличен,-,15.50
421266,Наличен,-,15.50
942940,Наличен,-,16.50
942941,Наличен,-,16.50
943910,Наличен,-,16.50
953892,Наличен,-,16.50
948029,Изчерпан,-,25.60
953533,Наличен,-,25.60
932312,Наличен,-,13.30
960115,Наличен,-,13.30
954694,Наличен,-,13.30
932313,Наличен,-,13.30
932314,Наличен,-,13.30
960116,Наличен,-,13.30
932315,Наличен,-,13.30
932316,Наличен,-,13.30
954695,Наличен,-,13.30
936428,Наличен,-,13.30
932317,Наличен,-,15.50
954696,Наличен,-,15.50
960117,Наличен,-,15.50
932666,Наличен,-,15.50
960118,Наличен,-,15.50
932319,Наличен,-,15.50
932320,Наличен,-,15.50
954697,Наличен,-,15.50
946364,Наличен,-,15.50
942922,Наличен,-,27.90
928327,Наличен,-,27.90
932339,Наличен,-,27.90
927886,Наличен,-,27.90
960914,Наличен,-,27.90
957849,Наличен,-,27.90
950512,Наличен,-,27.90
960915,Наличен,-,27.90
950511,Наличен,-,27.90
927885,Наличен,-,27.90
955377,Наличен,-,18.50
944281,Наличен,-,18.50
944284,Наличен,-,18.50
944282,Наличен,-,18.50
944280,Наличен,-,18.50
955378,Наличен,-,18.50
934266,Наличен,-,18.50
936423,Наличен,-,18.50
936424,Наличен,-,18.50
934267,Наличен,-,18.50
960735,Наличен,-,18.50
941142,Наличен,-,18.50
938923,Наличен,-,18.50
955379,Наличен,-,21.80
941790,Наличен,-,21.80
960736,Наличен,-,21.80
941793,Наличен,-,21.80
955380,Наличен,-,23.30
955661,Наличен,-,21.80
937884,Изчерпан,-,23.30
937206,Наличен,-,23.30
937208,Наличен,-,23.30
937209,Наличен,-,23.30
960737,Наличен,-,23.30
938777,Наличен,-,23.30
421431,Наличен,-,15.50
929988,Наличен,-,15.50
421359,Наличен,-,15.50
927407,Наличен,-,15.50
421419,Наличен,-,15.50
942878,Наличен,-,15.50
955563,Наличен,-,15.50
937879,Наличен,-,15.50
421360,Наличен,-,15.50
955646,Наличен,-,15.50
955565,Наличен,-,15.50
945314,Наличен,-,15.50
934258,Наличен,-,15.50
421361,Наличен,-,15.50
421362,Наличен,-,15.50
942888,Изчерпан,-,15.50
955564,Наличен,-,15.50
421363,Наличен,-,15.50
955648,Наличен,-,15.50
955647,Наличен,-,15.50
934262,Наличен,-,15.50
421208,Наличен,-,16.50
421209,Наличен,-,16.50
421210,Наличен,-,16.50
929200,Наличен,-,16.50
955374,Наличен,-,16.50
421211,Наличен,-,16.50
955649,Наличен,-,16.50
929201,Наличен,-,16.50
934272,Наличен,-,16.50
421213,Наличен,-,16.50
421224,Наличен,-,17.20
929209,Наличен,-,17.20
955652,Наличен,-,17.20
421227,Наличен,-,17.20
955651,Наличен,-,17.20
955650,Наличен,-,17.20
929210,Наличен,-,17.20
934278,Наличен,-,17.20
421229,Наличен,-,17.20
930011,Наличен,-,18.50
421353,Наличен,-,18.50
929217,Наличен,-,18.50
421242,Наличен,-,18.50
929218,Наличен,-,18.50
934284,Наличен,-,18.50
421244,Наличен,-,18.50
960829,Наличен,-,19.00
924220,Наличен,-,19.00
934447,Наличен,-,19.00
928654,Наличен,-,19.00
924221,Наличен,-,19.00
928524,Наличен,-,19.00
923826,Наличен,-,19.00
928525,Наличен,-,19.00
923827,Наличен,-,19.00
927780,Наличен,-,19.00
923831,Наличен,-,21.20
934449,Наличен,-,21.20
928526,Наличен,-,21.20
923832,Наличен,-,21.20
928527,Наличен,-,21.20
923835,Наличен,-,21.20
928528,Наличен,-,21.20
923836,Наличен,-,21.20
927781,Наличен,-,21.20
941864,Наличен,-,25.20
941865,Наличен,-,25.20
941869,Наличен,-,25.20
941870,Наличен,-,25.20
941871,Наличен,-,25.20
941872,Наличен,-,25.20
923902,Изчерпан,-,21.50
952284,Наличен,-,21.50
930229,Наличен,-,21.50
923908,Наличен,-,21.50
923909,Наличен,-,21.50
930164,Наличен,-,19.50
923914,Наличен,-,25.20
930116,Наличен,-,25.20
923917,Наличен,-,25.20
923918,Наличен,-,25.20
945707,Наличен,-,25.20
930167,Наличен,-,25.20
923884,Наличен,-,21.90
923886,Наличен,-,21.90
924253,Наличен,-,21.90
924254,Наличен,-,21.90
923888,Наличен,-,21.90
936846,Наличен,-,21.90
924255,Наличен,-,21.90
928570,Наличен,-,21.90
925331,Наличен,-,21.90
923891,Наличен,-,25.20
924871,Наличен,-,25.20
924872,Наличен,-,24.50
939431,Наличен,-,25.20
923898,Наличен,-,25.20
923899,Наличен,-,25.20
951920,Наличен,-,25.20
936849,Наличен,-,25.20
936850,Наличен,-,25.20
923900,Наличен,-,25.20
928573,Наличен,-,25.20
928574,Наличен,-,25.20
925332,Наличен,-,25.20
928485,Наличен,-,23.30
923664,Наличен,-,23.30
923666,Изчерпан,-,23.30
934416,Наличен,-,23.30
923669,Наличен,-,23.30
951906,Наличен,-,23.30
928487,Наличен,-,23.30
923670,Наличен,-,23.30
923671,Наличен,-,23.30
939361,Наличен,-,23.30
928488,Наличен,-,20.90
941853,Наличен,-,22.80
928489,Наличен,-,25.50
923672,Наличен,-,25.50
923674,Наличен,-,25.50
934418,Наличен,-,22.80
923677,Наличен,-,25.50
952524,Наличен,-,25.50
951907,Наличен,-,25.50
928491,Наличен,-,25.50
951908,Наличен,-,25.50
923680,Наличен,-,25.50
923681,Наличен,-,25.50
939363,Наличен,-,22.80
952093,Наличен,-,25.50
928492,Наличен,-,25.50
947189,Наличен,-,28.20
947190,Наличен,-,28.20
947192,Наличен,-,28.20
951909,Наличен,-,28.20
947193,Наличен,-,28.20
952104,Наличен,-,28.20
951910,Изчерпан,-,28.20
952105,Наличен,-,28.20
926531,Наличен,-,26.50
926293,Наличен,-,26.50
941897,Наличен,-,26.50
923932,Наличен,-,26.50
930168,Наличен,-,26.50
953018,Наличен,-,26.50
928582,Наличен,-,26.50
937501,Наличен,-,26.50
928681,Наличен,-,26.50
926532,Наличен,-,28.00
926297,Наличен,-,28.00
926298,Наличен,-,28.00
923940,Наличен,-,28.00
926299,Наличен,-,28.00
930590,Наличен,-,28.00
928584,Наличен,-,28.00
930170,Наличен,-,28.00
928585,Наличен,-,28.00
942320,Наличен,-,28.00
926421,Наличен,-,28.00
945013,Наличен,-,28.00
928586,Наличен,-,28.00
926546,Изчерпан,-,28.00
957151,Наличен,-,28.00
926300,Наличен,-,30.90
926301,Наличен,-,30.90
926302,Наличен,-,30.90
923948,Наличен,-,30.90
926303,Наличен,-,30.90
930171,Наличен,-,30.90
928587,Наличен,-,30.90
928588,Наличен,-,30.90
957157,Наличен,-,30.90
930172,Наличен,-,30.90
928589,Наличен,-,30.90
936888,Наличен,-,30.90
928590,Наличен,-,30.90
936889,Наличен,-,30.90
928684,Наличен,-,30.90
926305,Наличен,-,30.90
936886,Наличен,-,30.90
941927,Наличен,-,36.90
941928,Наличен,-,36.90
941929,Наличен,-,36.90
941931,Наличен,-,36.90
941932,Наличен,-,36.90
941933,Наличен,-,36.90
941934,Наличен,-,36.90
956436,Наличен,-,36.90
941902,Наличен,-,36.90
934516,Наличен,-,36.30
930940,Наличен,-,36.30
934517,Наличен,-,36.30
930942,Наличен,-,34.30
924004,Наличен,-,34.80
936918,Наличен,-,34.80
936920,Наличен,-,34.80
934519,Наличен,-,37.80
930945,Изчерпан,-,34.80
932495,Наличен,-,37.80
934520,Наличен,-,37.80
924008,Наличен,-,37.80
934522,Наличен,-,34.80
926332,Наличен,-,34.80
930946,Наличен,-,43.20
928620,Наличен,-,39.20
933667,Наличен,-,39.20
936926,Наличен,-,39.20
930947,Наличен,-,39.20
936928,Наличен,-,39.20
936930,Наличен,-,43.20
951923,Наличен,-,43.20
926958,Наличен,-,39.20
934523,Наличен,-,43.20
930949,Наличен,-,39.20
932497,Наличен,-,43.20
934524,Наличен,-,43.20
934525,Наличен,-,39.20
936932,Наличен,-,39.20
931579,Наличен,-,46.90
928624,Наличен,-,46.90
934944,Наличен,-,52.00
931459,Наличен,-,46.90
932498,Наличен,-,52.00
932499,Наличен,-,52.00
934526,Наличен,-,52.00
930954,Наличен,-,46.90
928625,Наличен,-,46.90
934527,Наличен,-,46.90
941937,Наличен,-,52.00
934528,Наличен,-,52.00
936937,Наличен,-,46.90
939454,Наличен,-,55.00
939456,Наличен,-,61.00
939457,Наличен,-,61.00
939460,Наличен,-,55.00
932472,Наличен,-,43.50
928578,Наличен,-,39.90
926290,Изчерпан,-,43.50
945710,Наличен,-,39.90
945711,Наличен,-,39.90
945712,Наличен,-,39.90
934480,Наличен,-,16.10
934482,Наличен,-,16.10
939451,Наличен,-,35.20
932485,Наличен,-,35.20
933663,Наличен,-,35.20
945738,Наличен,-,34.30
924266,Наличен,-,35.20
945739,Наличен,-,35.20
933664,Наличен,-,34.30
932486,Наличен,-,35.20
945740,Наличен,-,34.30
923620,Наличен,-,26.30
923622,Наличен,-,26.30
923623,Наличен,-,26.30
923624,Наличен,-,26.30
923625,Наличен,-,26.30
923626,Наличен,-,26.30
930125,Наличен,-,26.30
923627,Наличен,-,26.30
923629,Наличен,-,28.00
929440,Наличен,-,28.00
923632,Наличен,-,28.00
923633,Наличен,-,28.00
923635,Наличен,-,28.00
923637,Наличен,-,28.00
930127,Наличен,-,28.00
923638,Наличен,-,28.00
923640,Изчерпан,-,29.00
923642,Наличен,-,29.00
926965,Наличен,-,29.00
923644,Наличен,-,29.00
923645,Наличен,-,29.00
936749,Наличен,-,29.00
923646,Наличен,-,29.00
936750,Наличен,-,29.00
923648,Наличен,-,29.00
928477,Наличен,-,29.00
923649,Наличен,-,29.00
923650,Наличен,-,29.00
936751,Наличен,-,29.00
933628,Наличен,-,34.00
928478,Наличен,-,34.00
936753,Наличен,-,34.00
933631,Наличен,-,34.00
936754,Наличен,-,34.00
933632,Наличен,-,34.00
928480,Наличен,-,34.00
936755,Наличен,-,34.00
926411,Наличен,-,41.90
943723,Наличен,-,41.90
936757,Наличен,-,41.90
933635,Наличен,-,41.90
936758,Наличен,-,41.90
931638,Наличен,-,41.90
933636,Наличен,-,41.90
932377,Наличен,-,41.90
936759,Наличен,-,41.90
949907,Наличен,-,15.80
949908,Изчерпан,-,15.80
949909,Изчерпан,-,15.80
949910,Изчерпан,-,15.80
949911,Изчерпан,-,15.80
949912,Изчерпан,-,15.80
947728,Наличен,-,4.20
947729,Изчерпан,-,4.20
947730,Наличен,-,4.20
947731,Наличен,-,4.20
947732,Изчерпан,-,4.20
947733,Наличен,-,4.50
947734,Наличен,-,4.50
947735,Наличен,-,4.50
947736,Наличен,-,4.50
947737,Наличен,-,4.50
947718,Изчерпан,-,4.65
947719,Наличен,-,4.65
947720,Изчерпан,-,4.65
947721,Изчерпан,-,4.65
947722,Изчерпан,-,4.65
947723,Изчерпан,-,5.50
947726,Изчерпан,-,5.50
947725,Изчерпан,-,5.50
947727,Изчерпан,-,5.50
947724,Наличен,-,5.50
947738,Наличен,-,7.50
947739,Наличен,-,7.50
947740,Изчерпан,-,7.50
947741,Изчерпан,-,7.50
947742,Наличен,-,7.50
945975,Изчерпан,-,14.90
945976,Изчерпан,-,14.90
945977,Изчерпан,-,14.90
945978,Изчерпан,-,14.90
945979,Изчерпан,-,14.90
945980,Изчерпан,-,14.90
945981,Изчерпан,-,14.90
945982,Изчерпан,-,14.90
945983,Изчерпан,-,14.90
945984,Изчерпан,-,14.90
945751,Изчерпан,-,36.20
945752,Наличен,-,36.20
945753,Наличен,-,36.20
942366,Изчерпан,-,18.90
933678,Изчерпан,-,3.20
933679,Изчерпан,-,3.20
933680,Изчерпан,-,3.20
933682,Изчерпан,-,3.20
933681,Наличен,-,3.20
934634,Наличен,-,3.20
933683,Изчерпан,-,4.20
933684,Изчерпан,-,4.20
933685,Изчерпан,-,4.20
933687,Изчерпан,-,4.20
933686,Изчерпан,-,4.20
934638,Наличен,-,4.20
934641,Наличен,-,4.20
934640,Наличен,-,4.20
934639,Наличен,-,4.20
933688,Изчерпан,-,4.90
933689,Изчерпан,-,4.90
933690,Изчерпан,-,4.90
933692,Изчерпан,-,4.90
934642,Изчерпан,-,4.90
933691,Изчерпан,-,4.90
934643,Изчерпан,-,4.90
934644,Изчерпан,-,4.90
934645,Наличен,-,4.90
933693,Изчерпан,-,5.70
933694,Изчерпан,-,5.70
933695,Изчерпан,-,5.70
933697,Изчерпан,-,5.70
934646,Изчерпан,-,5.70
933696,Изчерпан,-,5.70
934647,Изчерпан,-,5.70
934648,Изчерпан,-,5.70
934649,Изчерпан,-,5.70
934650,Изчерпан,-,5.70
933698,Изчерпан,-,6.40
933699,Изчерпан,-,6.40
933700,Изчерпан,-,6.40
933702,Изчерпан,-,6.40
933701,Изчерпан,-,6.40
934651,Изчерпан,-,6.40
934652,Изчерпан,-,6.40
934653,Изчерпан,-,6.40
934654,Изчерпан,-,6.40
934655,Изчерпан,-,6.40
933703,Изчерпан,-,7.30
933704,Изчерпан,-,7.30
933706,Изчерпан,-,7.30
933705,Изчерпан,-,7.30
400644,Наличен,-,16.90
400646,Наличен,-,16.90
400645,Наличен,-,19.30
400647,Наличен,-,19.30
400528,Изчерпан,-,8.50
400529,Изчерпан,-,11.60
400504,Наличен,-,10.80
925423,Изчерпан,-,12.20
925429,Изчерпан,-,13.20
925426,Изчерпан,-,12.20
925430,Изчерпан,-,13.20
950526,Изчерпан,-,17.50
950525,Наличен,-,12.50
950521,Наличен,-,15.50
950519,Наличен,-,12.50
950524,Изчерпан,-,12.50
950515,Наличен,-,16.30
950516,Наличен,-,12.50
950514,Изчерпан,-,12.50
950513,Наличен,-,14.50
950520,Наличен,-,14.80
950523,Изчерпан,-,19.20
950527,Наличен,-,23.20
950517,Наличен,-,21.80
950522,Наличен,-,21.80
950518,Наличен,-,21.80
951777,Наличен,-,23.50
951778,Наличен,-,23.50
925425,Изчерпан,-,16.80
925428,Изчерпан,-,16.80
925431,Изчерпан,-,18.20
925433,Наличен,-,16.80
942371,Изчерпан,-,11.20
942370,Наличен,-,11.20
934315,Наличен,-,11.20
934314,Наличен,-,11.20
934313,Наличен,-,11.20
925415,Наличен,-,11.80
925411,Наличен,-,11.80
925407,Наличен,-,11.80
939746,Наличен,-,12.60
925419,Изчерпан,-,16.20
925421,Наличен,-,16.20
944859,Изчерпан,-,16.20
944861,Изчерпан,-,14.30
944860,Изчерпан,-,16.20
946289,Наличен,-,16.20
925416,Изчерпан,-,14.30
925412,Изчерпан,-,14.30
925408,Изчерпан,-,14.30
947669,Изчерпан,-,14.30
929824,Наличен,-,21.50
929825,Наличен,-,21.50
932052,Изчерпан,-,21.50
932053,Наличен,-,19.60
932054,Изчерпан,-,21.50
945534,Изчерпан,-,21.50
929823,Наличен,-,19.60
929822,Наличен,-,19.60
929821,Изчерпан,-,19.60
947670,Изчерпан,-,19.60
925420,Изчерпан,-,23.20
925422,Наличен,-,18.60
932048,Изчерпан,-,21.00
932049,Наличен,-,19.50
932050,Изчерпан,-,21.00
945535,Наличен,-,21.00
925409,Наличен,-,21.00
925417,Наличен,-,21.00
925413,Наличен,-,21.00
947671,Наличен,-,21.00
932051,Наличен,-,24.50
925418,Наличен,-,25.20
925414,Наличен,-,25.20
925410,Наличен,-,25.20
948299,Наличен,-,6.00
946230,Изчерпан,-,12.30
946231,Наличен,-,12.30
946232,Наличен,-,12.30
946233,Наличен,-,13.90
946234,Наличен,-,13.90
946235,Наличен,-,13.90
945688,Наличен,-,21.20
945689,Наличен,-,21.20
945690,Наличен,-,21.20
945691,Наличен,-,21.20
945692,Наличен,-,22.90
945693,Наличен,-,22.90
945694,Наличен,-,22.90
945695,Наличен,-,22.90
939341,Наличен,-,11.60
931591,Наличен,-,10.90
949546,Наличен,-,12.80
949547,Наличен,-,12.80
949548,Наличен,-,12.80
949549,Наличен,-,12.80
939349,Наличен,-,12.60
939350,Наличен,-,12.60
939351,Наличен,-,12.60
939352,Наличен,-,12.90
939354,Наличен,-,12.90
939355,Наличен,-,12.50
939356,Наличен,-,12.50
939357,Наличен,-,12.50
939334,Наличен,-,9.90
931585,Наличен,-,9.90
939335,Наличен,-,10.30
939336,Наличен,-,10.30
930834,Наличен,-,10.30
939337,Наличен,-,11.50
939338,Наличен,-,11.50
931586,Наличен,-,11.50
939339,Наличен,-,13.80
939340,Наличен,-,13.80
931587,Наличен,-,13.80
948372,Наличен,-,13.80
925333,Наличен,-,14.50
924874,Наличен,-,14.50
924873,Наличен,-,14.50
930835,Наличен,-,14.50
950684,Наличен,-,11.20
924272,Наличен,-,9.80
924273,Наличен,-,9.80
924274,Наличен,-,9.80
924275,Наличен,-,9.80
939345,Наличен,-,9.80
923557,Наличен,-,9.80
924276,Наличен,-,10.30
924277,Наличен,-,10.30
924278,Наличен,-,10.30
923559,Наличен,-,10.30
939346,Наличен,-,10.30
923558,Наличен,-,10.30
924279,Наличен,-,11.60
924280,Наличен,-,11.60
923561,Наличен,-,11.60
939347,Наличен,-,11.60
924281,Наличен,-,11.60
923560,Наличен,-,11.60
924282,Наличен,-,14.20
923563,Наличен,-,14.20
926547,Наличен,-,14.20
924283,Наличен,-,14.20
925335,Наличен,-,14.20
925334,Наличен,-,14.20
924284,Наличен,-,14.80
939348,Наличен,-,14.80
924285,Наличен,-,14.80
944700,Наличен,-,14.80
949988,Изчерпан,-,20.20
956627,Наличен,-,20.20
924332,Изчерпан,-,15.30
925012,Наличен,-,15.30
925013,Изчерпан,-,15.30
932356,Наличен,-,15.30
924333,Наличен,-,15.30
924334,Наличен,-,15.30
924335,Наличен,-,15.30
931592,Наличен,-,15.30
931593,Наличен,-,15.30
924269,Наличен,-,9.80
923548,Наличен,-,9.80
923549,Наличен,-,9.80
923550,Наличен,-,9.80
931595,Наличен,-,9.80
924270,Наличен,-,10.30
923551,Наличен,-,10.30
923552,Наличен,-,10.30
923553,Наличен,-,10.30
930838,Наличен,-,10.30
924271,Наличен,-,11.90
923554,Наличен,-,11.90
923555,Наличен,-,11.90
923556,Наличен,-,11.90
930839,Наличен,-,11.90
930841,Наличен,-,14.50
400669,Изчерпан,-,2.00
400670,Наличен,-,2.00
400671,Изчерпан,-,2.00
400672,Наличен,-,2.00
400716,Изчерпан,-,38.60
400657,Изчерпан,-,17.80
920573,Изчерпан,-,29.90
920574,Наличен,-,10.00
920575,Наличен,-,10.00
920576,Наличен,-,10.00
400634,Наличен,-,8.60
400638,Наличен,-,8.60
400635,Наличен,-,9.90
400639,Наличен,-,9.90
400636,Наличен,-,9.90
400640,Наличен,-,9.90
400637,Наличен,-,10.90
400641,Наличен,-,10.90
400625,Наличен,-,8.20
400629,Наличен,-,8.20
400633,Наличен,-,8.20
400673,Наличен,-,8.20
400681,Наличен,-,8.20
400630,Наличен,-,8.50
400622,Наличен,-,8.50
400626,Наличен,-,8.50
400674,Наличен,-,8.50
400682,Наличен,-,8.50
400631,Наличен,-,8.80
400623,Изчерпан,-,8.80
400627,Наличен,-,8.80
400675,Наличен,-,8.80
400683,Наличен,-,8.80
400632,Наличен,-,9.00
400624,Наличен,-,9.00
400628,Наличен,-,9.00
400676,Наличен,-,9.00
400684,Наличен,-,9.00
400611,Наличен,-,10.90
400612,Наличен,-,10.90
400613,Изчерпан,-,10.90
400614,Изчерпан,-,13.20
400722,Наличен,-,6.90
400723,Наличен,-,6.90
400604,Наличен,-,10.90
400605,Наличен,-,10.90
400606,Наличен,-,10.90
400607,Наличен,-,13.20
400609,Изчерпан,-,13.50
923533,Наличен,-,9.80
923534,Наличен,-,9.80
931583,Наличен,-,9.80
923535,Наличен,-,9.90
923536,Наличен,-,9.90
931584,Наличен,-,9.90
923537,Наличен,-,10.30
923538,Наличен,-,10.30
923539,Наличен,-,10.30
923540,Наличен,-,11.20
923541,Наличен,-,11.20
924268,Наличен,-,11.20
923542,Наличен,-,12.50
930833,Наличен,-,12.50
939332,Наличен,-,12.50
923543,Наличен,-,13.20
923544,Наличен,-,13.20
923545,Наличен,-,13.20
923546,Наличен,-,15.90
923547,Наличен,-,15.90
939333,Наличен,-,15.90
400312,Изчерпан,-,5.20
400306,Наличен,-,5.20
400315,Изчерпан,-,5.20
400307,Изчерпан,-,5.20
400313,Изчерпан,-,5.20
400301,Изчерпан,-,5.20
400308,Изчерпан,-,5.20
400314,Наличен,-,5.20
400302,Изчерпан,-,5.20
400309,Изчерпан,-,5.20
400303,Наличен,-,5.20
927650,Наличен,-,5.20
400310,Изчерпан,-,8.50
400304,Наличен,-,8.50
400311,Изчерпан,-,14.50
400305,Изчерпан,-,14.50
400222,Изчерпан,-,5.30
400229,Наличен,-,5.30
400234,Наличен,-,5.30
400241,Изчерпан,-,5.30
400218,Изчерпан,-,5.30
400223,Изчерпан,-,5.30
400230,Наличен,-,5.30
400235,Изчерпан,-,5.30
400219,Изчерпан,-,5.30
400224,Изчерпан,-,5.30
400231,Наличен,-,5.30
400236,Изчерпан,-,5.30
400220,Изчерпан,-,5.30
400225,Изчерпан,-,5.30
400232,Изчерпан,-,5.30
400237,Изчерпан,-,5.30
400221,Наличен,-,5.30
400226,Изчерпан,-,5.30
927651,Наличен,-,5.30
400238,Изчерпан,-,5.30
400227,Наличен,-,7.20
935186,Изчерпан,-,7.20
400239,Наличен,-,7.20
400228,Наличен,-,7.90
400240,Изчерпан,-,7.90
400328,Наличен,-,5.80
400332,Наличен,-,5.80
400329,Изчерпан,-,5.80
400330,Наличен,-,6.90
400331,Наличен,-,10.00
400333,Наличен,-,5.80
400334,Наличен,-,6.90
921895,Изчерпан,-,5.80
921899,Изчерпан,-,5.80
921903,Изчерпан,-,6.50
921907,Наличен,-,6.60
921896,Изчерпан,-,6.20
921900,Изчерпан,-,6.50
921904,Наличен,-,6.90
921908,Изчерпан,-,7.00
921897,Наличен,-,8.50
921901,Наличен,-,8.90
921905,Наличен,-,9.50
921909,Наличен,-,9.00
921898,Наличен,-,9.50
921902,Изчерпан,-,10.20
921906,Наличен,-,10.30
921910,Изчерпан,-,10.00
920559,Изчерпан,-,6.90
920553,Наличен,-,5.60
920565,Наличен,-,5.80
920569,Наличен,-,5.60
920549,Изчерпан,-,5.20
920562,Наличен,-,5.80
920566,Изчерпан,-,6.50
920550,Наличен,-,5.60
920558,Изчерпан,-,7.30
920570,Наличен,-,6.00
920554,Изчерпан,-,6.00
920558,Изчерпан,-,7.30
920560,Наличен,-,6.80
920551,Изчерпан,-,6.50
920563,Изчерпан,-,7.20
920567,Наличен,-,6.50
920555,Изчерпан,-,7.60
920547,Изчерпан,-,6.90
920561,Изчерпан,-,8.20
920552,Наличен,-,7.50
920564,Изчерпан,-,8.80
920568,Наличен,-,7.50
920548,Изчерпан,-,8.50
920556,Изчерпан,-,8.50
400319,Наличен,-,5.80
400325,Наличен,-,5.80
400320,Наличен,-,5.80
400326,Наличен,-,5.80
400321,Наличен,-,6.90
400327,Изчерпан,-,6.90
400322,Изчерпан,-,10.00
400323,Наличен,-,16.20
400324,Наличен,-,20.80
924291,Наличен,-,5.80
924292,Изчерпан,-,5.80
924293,Наличен,-,5.80
924294,Изчерпан,-,8.60
924295,Наличен,-,9.50
959358,Изчерпан,-,5.50
959359,Изчерпан,-,5.50
943884,Изчерпан,-,18.90
400508,Наличен,-,10.80
937240,Наличен,-,10.80
400512,Наличен,-,10.80
400516,Изчерпан,-,10.80
944650,Наличен,-,10.80
953060,Наличен,-,10.80
946410,Изчерпан,-,10.80
400501,Наличен,-,10.80
400505,Наличен,-,10.80
937326,Наличен,-,10.80
957552,Наличен,-,10.80
400509,Наличен,-,10.80
400513,Наличен,-,10.80
400526,Наличен,-,10.80
957555,Наличен,-,10.80
400523,Изчерпан,-,10.80
400502,Изчерпан,-,11.20
400506,Изчерпан,-,11.20
937241,Изчерпан,-,11.20
943806,Изчерпан,-,11.20
400510,Изчерпан,-,11.20
400514,Изчерпан,-,11.20
400527,Наличен,-,11.20
953061,Изчерпан,-,11.20
400524,Изчерпан,-,11.20
400503,Изчерпан,-,13.20
400507,Изчерпан,-,13.20
937242,Изчерпан,-,13.20
953059,Изчерпан,-,13.20
400511,Изчерпан,-,13.20
400515,Изчерпан,-,13.20
947073,Наличен,-,13.20
953062,Изчерпан,-,13.20
400525,Изчерпан,-,13.20
400521,Изчерпан,-,15.80
400520,Изчерпан,-,15.80
957551,Изчерпан,-,15.80
943808,Изчерпан,-,15.00
949619,Изчерпан,-,15.80
959445,Изчерпан,-,15.80
943809,Изчерпан,-,15.80
948294,Изчерпан,-,5.30
948296,Изчерпан,-,5.30
948298,Изчерпан,-,6.00
948295,Наличен,-,5.30
948297,Наличен,-,5.30
955258,Наличен,-,13.90
955257,Наличен,-,12.80
930840,Наличен,-,14.50
953414,Изчерпан,-,16.20
400717,Наличен,-,38.60
400658,Изчерпан,-,17.80
400659,Изчерпан,-,17.80
920572,Изчерпан,-,29.90
920571,Наличен,-,29.90
400685,Наличен,-,9.90
400687,Изчерпан,-,9.90
400686,Наличен,-,10.90
400688,Изчерпан,-,10.90
952512,Наличен,-,5.60
952513,Изчерпан,-,6.20
956502,Наличен,-,5.80
952514,Наличен,-,7.80
953040,Наличен,-,7.90
953041,Наличен,-,7.90
953043,Наличен,-,7.90
953038,Наличен,-,7.90
400182,Наличен,-,7.90
400184,Наличен,-,7.90
953042,Наличен,-,7.90
959424,Наличен,-,7.90
400186,Наличен,-,7.90
400188,Наличен,-,7.90
400183,Наличен,-,7.90
400185,Наличен,-,7.90
949608,Наличен,-,7.90
957533,Наличен,-,7.90
400187,Наличен,-,7.90
400189,Наличен,-,7.90
949609,Наличен,-,7.90
400114,Изчерпан,-,4.50
400107,Изчерпан,-,4.50
400118,Изчерпан,-,4.50
400122,Наличен,-,4.50
400163,Наличен,-,5.80
400160,Изчерпан,-,5.80
400192,Изчерпан,-,6.60
400141,Изчерпан,-,6.60
400166,Изчерпан,-,6.80
400170,Изчерпан,-,5.80
400149,Наличен,-,5.80
400145,Изчерпан,-,5.80
400153,Изчерпан,-,5.80
400101,Изчерпан,-,4.50
400108,Изчерпан,-,4.50
400119,Наличен,-,4.50
400115,Изчерпан,-,4.50
400164,Наличен,-,5.80
400161,Изчерпан,-,5.80
400126,Изчерпан,-,5.30
400129,Изчерпан,-,5.30
400123,Изчерпан,-,5.30
400132,Изчерпан,-,5.30
400135,Наличен,-,5.30
400138,Изчерпан,-,5.30
400174,Наличен,-,6.80
400181,Наличен,-,6.80
400179,Наличен,-,6.80
400193,Изчерпан,-,6.60
400142,Изчерпан,-,6.60
400167,Изчерпан,-,6.80
400171,Изчерпан,-,5.80
400146,Изчерпан,-,5.80
400150,Наличен,-,5.80
400154,Изчерпан,-,5.80
400116,Изчерпан,-,4.50
400102,Изчерпан,-,4.50
400109,Изчерпан,-,4.50
400120,Наличен,-,4.50
400162,Изчерпан,-,5.80
400165,Наличен,-,5.80
400718,Изчерпан,-,5.80
400127,Наличен,-,5.30
400136,Наличен,-,5.30
400133,Наличен,-,5.30
400124,Изчерпан,-,5.30
400139,Изчерпан,-,5.30
400130,Изчерпан,-,5.30
400175,Изчерпан,-,6.80
400721,Наличен,-,6.80
400194,Изчерпан,-,6.60
400168,Изчерпан,-,6.80
400143,Изчерпан,-,6.60
400147,Наличен,-,5.80
400151,Наличен,-,5.80
400172,Изчерпан,-,5.80
400155,Наличен,-,5.80
400103,Изчерпан,-,4.50
400110,Изчерпан,-,4.50
400121,Наличен,-,4.50
400117,Изчерпан,-,4.50
948906,Изчерпан,-,4.50
924540,Наличен,-,6.80
400176,Изчерпан,-,6.80
924538,Наличен,-,6.80
400719,Изчерпан,-,5.80
400128,Наличен,-,5.30
400131,Изчерпан,-,5.30
400125,Наличен,-,5.30
400134,Наличен,-,5.30
400137,Наличен,-,5.30
400140,Наличен,-,5.30
400144,Наличен,-,6.60
400195,Наличен,-,6.60
400169,Наличен,-,6.80
400173,Изчерпан,-,5.80
400148,Изчерпан,-,5.80
924534,Изчерпан,-,4.50
400104,Изчерпан,-,4.50
400111,Изчерпан,-,4.50
400152,Наличен,-,5.80
400105,Изчерпан,-,7.30
948907,Наличен,-,7.30
400196,Наличен,-,9.80
957539,Изчерпан,-,7.30
943758,Наличен,-,8.00
921233,Наличен,-,8.00
943759,Изчерпан,-,8.60
943761,Изчерпан,-,8.60
400720,Наличен,-,8.60
400112,Наличен,-,7.30
400178,Наличен,-,7.60
943772,Наличен,-,7.60
924539,Наличен,-,7.60
400106,Изчерпан,-,7.80
948908,Наличен,-,7.90
400113,Наличен,-,7.90
957540,Изчерпан,-,7.90
400197,Наличен,-,10.20
949605,Наличен,-,8.80
921234,Изчерпан,-,8.80
943760,Изчерпан,-,9.50
943762,Изчерпан,-,9.50
924537,Изчерпан,-,9.50
949085,Наличен,-,2.30
949086,Наличен,-,2.30
949087,Наличен,-,2.30
949088,Наличен,-,2.50
949089,Наличен,-,2.50
949090,Наличен,-,2.50
949091,Наличен,-,2.30
939083,Наличен,-,2.50
934774,Наличен,-,2.10
934776,Изчерпан,-,2.10
934775,Изчерпан,-,2.10
934253,Наличен,-,2.60
934255,Изчерпан,-,2.60
934254,Изчерпан,-,2.60
933208,Наличен,-,2.50
933207,Наличен,-,2.50
933206,Наличен,-,2.50
934025,Наличен,-,1.80
933204,Наличен,-,2.50
934026,Изчерпан,-,1.80
933205,Наличен,-,2.50
934027,Наличен,-,1.80
933203,Наличен,-,2.50
932139,Наличен,-,2.10
932154,Наличен,-,2.40
932140,Изчерпан,-,2.10
932141,Наличен,-,2.10
932156,Наличен,-,2.40
932142,Наличен,-,2.10
932157,Наличен,-,2.40
932143,Наличен,-,2.10
932158,Наличен,-,2.40
932144,Наличен,-,2.10
932159,Наличен,-,2.40
932145,Наличен,-,2.10
932160,Наличен,-,2.40
932146,Наличен,-,2.10
932161,Наличен,-,2.40
932147,Наличен,-,2.10
932162,Наличен,-,2.40
932148,Наличен,-,2.10
932163,Наличен,-,2.40
932149,Наличен,-,2.10
932164,Наличен,-,2.40
932150,Изчерпан,-,2.10
932165,Наличен,-,2.40
932151,Наличен,-,2.10
932166,Наличен,-,2.40
932152,Наличен,-,2.10
932167,Наличен,-,2.40
932153,Наличен,-,2.10
935191,Наличен,-,2.90
927348,Наличен,-,2.90
935190,Изчерпан,-,2.90
935189,Изчерпан,-,2.90
935188,Изчерпан,-,2.90
927342,Наличен,-,1.00
927341,Изчерпан,-,1.00
947142,Изчерпан,-,8.20
947847,Наличен,-,10.20
947848,Наличен,-,12.20
945117,Наличен,-,14.90
945118,Наличен,-,18.50
941785,Изчерпан,-,8.20
945119,Наличен,-,13.50
945120,Наличен,-,17.90
945109,Наличен,-,8.60
945110,Наличен,-,7.50
945111,Наличен,-,7.50
945112,Изчерпан,-,7.50
945104,Наличен,-,8.80
945105,Наличен,-,8.30
945106,Наличен,-,8.80
945107,Наличен,-,8.80
945108,Наличен,-,8.80
945100,Наличен,-,7.20
945101,Наличен,-,9.30
945102,Наличен,-,8.90
945103,Наличен,-,8.90
950955,Наличен,-,9.50
950956,Наличен,-,9.50
950957,Наличен,-,9.50
936027,Изчерпан,-,13.90
936026,Изчерпан,-,17.90
936025,Наличен,-,17.90
922378,Наличен,-,4.80
932951,Наличен,-,4.50
932952,Наличен,-,4.50
932953,Наличен,-,4.50
932954,Наличен,-,4.50
932950,Наличен,-,4.50
922376,Наличен,-,4.50
922377,Наличен,-,4.50
922385,Наличен,-,4.50
922386,Наличен,-,4.50
922387,Изчерпан,-,4.50
922384,Наличен,-,3.30
922382,Изчерпан,-,3.30
922373,Наличен,-,3.30
922374,Наличен,-,3.30
922375,Наличен,-,3.30
949697,Наличен,-,21.90
949694,Наличен,-,20.80
949695,Изчерпан,-,20.80
949696,Изчерпан,-,20.80
949699,Наличен,-,21.50
946905,Наличен,-,18.60
949717,Наличен,-,18.60
949718,Наличен,-,18.80
946906,Наличен,-,18.80
949713,Наличен,-,18.80
946902,Наличен,-,18.80
946903,Изчерпан,-,18.80
946897,Наличен,-,20.90
946898,Наличен,-,20.90
949709,Наличен,-,18.80
949710,Наличен,-,18.80
946899,Наличен,-,18.80
946900,Наличен,-,18.80
946901,Наличен,-,18.80
956097,Наличен,-,18.80
946895,Изчерпан,-,19.90
946896,Наличен,-,19.90
946891,Наличен,-,20.90
946892,Наличен,-,20.90
944765,Наличен,-,25.90
944766,Наличен,-,26.00
941486,Наличен,-,8.00
949714,Наличен,-,18.60
949716,Наличен,-,18.60
949715,Наличен,-,18.60
946904,Наличен,-,18.60
941492,Изчерпан,-,18.60
941493,Наличен,-,18.80
941483,Наличен,-,19.90
941484,Наличен,-,21.50
949701,Наличен,-,25.30
949702,Наличен,-,25.30
941481,Изчерпан,-,22.50
941482,Наличен,-,22.50
941479,Наличен,-,21.90
941478,Наличен,-,22.50
942813,Наличен,-,22.50
937125,Наличен,-,22.50
937126,Изчерпан,-,22.50
937127,Наличен,-,22.90
937128,Наличен,-,22.90
949711,Наличен,-,18.60
949712,Наличен,-,18.80
935951,Наличен,-,18.80
935952,Наличен,-,18.80
949688,Наличен,-,20.80
949690,Наличен,-,20.80
949689,Наличен,-,20.80
949691,Изчерпан,-,20.80
949693,Наличен,-,20.80
949692,Наличен,-,20.80
935949,Изчерпан,-,20.80
935950,Наличен,-,20.80
937122,Наличен,-,20.80
937123,Наличен,-,20.80
937124,Наличен,-,20.80
935140,Изчерпан,-,19.90
935141,Наличен,-,19.90
935139,Наличен,-,19.90
937133,Изчерпан,-,21.50
937134,Изчерпан,-,21.50
937135,Наличен,-,25.30
937136,Наличен,-,25.30
937129,Изчерпан,-,23.50
937131,Наличен,-,25.30
937132,Наличен,-,25.30
949700,Наличен,-,26.80
933787,Наличен,-,19.90
933784,Наличен,-,19.90
933785,Наличен,-,19.90
933786,Наличен,-,19.90
933795,Наличен,-,21.50
933796,Наличен,-,21.50
933797,Наличен,-,21.50
933798,Наличен,-,21.50
933799,Наличен,-,21.50
933800,Наличен,-,21.50
949698,Изчерпан,-,19.20
933788,Наличен,-,21.50
933789,Изчерпан,-,21.50
933790,Наличен,-,21.50
933791,Наличен,-,21.50
933792,Наличен,-,21.50
933793,Изчерпан,-,21.50
933794,Наличен,-,21.50
949707,Наличен,-,18.80
949708,Наличен,-,18.80
933805,Наличен,-,18.80
933807,Наличен,-,18.80
933808,Изчерпан,-,18.80
933810,Наличен,-,18.80
933806,Изчерпан,-,18.80
949703,Наличен,-,17.20
949704,Наличен,-,18.80
949705,Наличен,-,17.20
949706,Наличен,-,18.80
933801,Наличен,-,18.70
933802,Наличен,-,18.70
933803,Изчерпан,-,18.70
933804,Наличен,-,18.70
949682,Наличен,-,17.80
933750,Наличен,-,17.80
933776,Наличен,-,19.90
933777,Наличен,-,19.90
933778,Наличен,-,19.90
949686,Наличен,-,18.80
949687,Изчерпан,-,18.80
933770,Наличен,-,18.80
933771,Наличен,-,18.80
933772,Изчерпан,-,18.80
933773,Наличен,-,18.80
933774,Изчерпан,-,18.80
933775,Наличен,-,18.80
933747,Наличен,-,18.80
933741,Наличен,-,19.90
933742,Наличен,-,19.90
933745,Наличен,-,19.90
933746,Наличен,-,19.90
933765,Наличен,-,19.90
933766,Наличен,-,19.90
933767,Наличен,-,18.70
949683,Изчерпан,-,19.90
949684,Изчерпан,-,19.90
949685,Наличен,-,19.90
933754,Изчерпан,-,19.90
933755,Наличен,-,19.90
934782,Изчерпан,-,19.90
933756,Наличен,-,19.90
933757,Наличен,-,19.90
933758,Изчерпан,-,19.90
933759,Наличен,-,19.90
933760,Изчерпан,-,19.90
947006,Изчерпан,-,22.20
947005,Наличен,-,22.20
944765,Наличен,-,25.90
944766,Наличен,-,26.00
951116,Наличен,-,17.30
951117,Наличен,-,17.30
951118,Наличен,-,17.30
951119,Наличен,-,17.30
953694,Наличен,-,17.30
956223,Наличен,-,17.80
951120,Наличен,-,17.80
951121,Наличен,-,17.80
951122,Изчерпан,-,17.80
951123,Наличен,-,17.80
953695,Наличен,-,17.80
953697,Наличен,-,20.20
956224,Наличен,-,20.20
957979,Наличен,-,20.20
956225,Изчерпан,-,20.20
953696,Наличен,-,20.20
953698,Наличен,-,20.20
951124,Наличен,-,22.30
951125,Наличен,-,22.30
952298,Наличен,-,25.50
962524,Наличен,-,25.50
962525,Наличен,-,25.50
962526,Наличен,-,25.50
956221,Наличен,-,29.20
956222,Наличен,-,29.20
949387,Наличен,-,5.30
949388,Наличен,-,5.30
949389,Наличен,-,5.30
949390,Наличен,-,5.30
949391,Наличен,-,5.30
949392,Наличен,-,5.30
949393,Изчерпан,-,5.30
949394,Наличен,-,5.30
947607,Наличен,-,9.80
947608,Наличен,-,9.80
947609,Наличен,-,10.50
947610,Наличен,-,9.80
947611,Наличен,-,12.50
947612,Наличен,-,12.50
947613,Наличен,-,13.20
947614,Наличен,-,12.50
947599,Наличен,-,6.00
947600,Наличен,-,6.00
947601,Наличен,-,5.30
947602,Наличен,-,5.30
947603,Наличен,-,5.30
947604,Наличен,-,5.30
947605,Наличен,-,5.30
947606,Наличен,-,5.30
947595,Наличен,-,6.00
947596,Наличен,-,6.00
947597,Наличен,-,6.00
947598,Наличен,-,5.30
947619,Наличен,-,5.30
947620,Наличен,-,5.30
947621,Наличен,-,5.30
947622,Наличен,-,5.30
947623,Наличен,-,5.30
947624,Наличен,-,5.30
947625,Наличен,-,7.20
947626,Наличен,-,7.20
947627,Наличен,-,6.20
947628,Наличен,-,6.20
947629,Наличен,-,6.20
947630,Наличен,-,6.20
947637,Наличен,-,5.30
947638,Наличен,-,5.30
947639,Наличен,-,5.30
947640,Наличен,-,5.30
947641,Наличен,-,5.30
947642,Наличен,-,5.30
947643,Наличен,-,5.30
947644,Наличен,-,5.30
947631,Наличен,-,5.30
947632,Наличен,-,5.30
947633,Наличен,-,5.30
947634,Наличен,-,6.00
947635,Наличен,-,6.00
947636,Наличен,-,6.00
947465,Наличен,-,19.40
947464,Наличен,-,19.40
947463,Наличен,-,19.40
947468,Наличен,-,21.80
947467,Наличен,-,21.80
947466,Наличен,-,21.80
946999,Изчерпан,-,12.50
947000,Наличен,-,12.50
947001,Наличен,-,12.50
951113,Наличен,-,12.50
945089,Изчерпан,-,6.50
945090,Изчерпан,-,6.50
945085,Наличен,-,6.50
945086,Наличен,-,6.50
945083,Наличен,-,6.50
945084,Изчерпан,-,6.50
945081,Изчерпан,-,6.80
945082,Наличен,-,6.80
941411,Наличен,-,9.80
941412,Наличен,-,9.80
941413,Наличен,-,11.90
941414,Наличен,-,11.90
941405,Наличен,-,9.30
941406,Наличен,-,9.30
941407,Наличен,-,9.30
941408,Наличен,-,10.20
941409,Наличен,-,10.20
941410,Наличен,-,10.20
941392,Наличен,-,9.30
941393,Наличен,-,9.30
941394,Наличен,-,11.90
941395,Наличен,-,11.90
947645,Наличен,-,11.90
947646,Наличен,-,11.90
947647,Наличен,-,11.90
947648,Наличен,-,11.90
947649,Наличен,-,13.50
947650,Наличен,-,13.50
947651,Наличен,-,13.50
947652,Наличен,-,13.50
941421,Наличен,-,10.50
941422,Наличен,-,10.50
941416,Наличен,-,9.30
941417,Наличен,-,9.30
941418,Наличен,-,9.90
941419,Наличен,-,9.90
941420,Наличен,-,9.90
941396,Наличен,-,9.00
941397,Наличен,-,9.00
941398,Наличен,-,9.00
941399,Наличен,-,9.90
941400,Наличен,-,9.90
941401,Наличен,-,9.90
941402,Наличен,-,10.80
941403,Наличен,-,10.80
941404,Наличен,-,10.80
941387,Наличен,-,9.80
941388,Наличен,-,9.80
941389,Наличен,-,9.80
941390,Наличен,-,10.50
941391,Наличен,-,11.60
952322,Наличен,-,16.80
952323,Наличен,-,17.50
952324,Изчерпан,-,16.80
942574,Наличен,-,19.20
942575,Наличен,-,19.20
946987,Изчерпан,-,19.20
942576,Наличен,-,19.20
942579,Изчерпан,-,21.00
942578,Наличен,-,21.00
942577,Изчерпан,-,20.90
942061,Наличен,-,38.90
942064,Наличен,-,36.20
942065,Наличен,-,35.70
943641,Наличен,-,35.70
943642,Наличен,-,37.10
945147,Наличен,-,37.10
940763,Наличен,-,22.30
940764,Наличен,-,22.30
940765,Наличен,-,22.30
937621,Наличен,-,11.90
937622,Наличен,-,12.80
937623,Наличен,-,11.90
937625,Наличен,-,14.30
937626,Наличен,-,14.30
937624,Наличен,-,13.20
937627,Наличен,-,14.30
937628,Наличен,-,14.30
937629,Наличен,-,14.30
937630,Наличен,-,14.30
937631,Наличен,-,14.30
937632,Наличен,-,14.30
937635,Наличен,-,15.70
937636,Наличен,-,15.70
937637,Наличен,-,17.10
937638,Наличен,-,17.10
941192,Наличен,-,25.00
941193,Наличен,-,25.00
941194,Наличен,-,25.00
939105,Наличен,-,25.50
939106,Наличен,-,25.50
939094,Наличен,-,21.30
939107,Наличен,-,25.50
939104,Наличен,-,25.50
941195,Наличен,-,29.80
939108,Наличен,-,29.80
939114,Наличен,-,29.80
939112,Наличен,-,29.80
939109,Наличен,-,29.80
939110,Наличен,-,29.80
939113,Наличен,-,29.80
939111,Наличен,-,29.80
939095,Наличен,-,29.80
952320,Наличен,-,29.80
939121,Наличен,-,31.50
939096,Наличен,-,31.50
939116,Наличен,-,31.50
939119,Наличен,-,31.50
939120,Наличен,-,31.50
939118,Наличен,-,31.50
939117,Наличен,-,31.50
939097,Наличен,-,33.30
942572,Наличен,-,33.30
939128,Наличен,-,33.00
942571,Наличен,-,33.30
939126,Наличен,-,33.00
939125,Наличен,-,33.00
939124,Наличен,-,33.00
939127,Наличен,-,33.00
941200,Изчерпан,-,26.00
941198,Изчерпан,-,26.00
941199,Наличен,-,26.00
941197,Наличен,-,26.00
941196,Наличен,-,26.00
941202,Наличен,-,27.30
939099,Наличен,-,27.30
939134,Наличен,-,27.30
939135,Наличен,-,27.30
941201,Наличен,-,27.30
939137,Наличен,-,27.30
939138,Наличен,-,27.30
939136,Наличен,-,27.30
939133,Наличен,-,27.30
939139,Наличен,-,29.00
939141,Наличен,-,29.00
939140,Наличен,-,29.00
939142,Наличен,-,29.00
939100,Наличен,-,29.00
939144,Наличен,-,29.00
939150,Наличен,-,31.40
939146,Наличен,-,31.40
939101,Наличен,-,31.40
939149,Наличен,-,31.40
939148,Наличен,-,31.40
939145,Наличен,-,31.40
939147,Наличен,-,31.40
942570,Наличен,-,32.60
942568,Наличен,-,32.60
942569,Наличен,-,32.60
946481,Наличен,-,16.70
946484,Наличен,-,16.70
946483,Наличен,-,16.70
946482,Изчерпан,-,16.70
938014,Наличен,-,15.40
937700,Наличен,-,15.40
938016,Наличен,-,18.60
938018,Наличен,-,17.50
938017,Наличен,-,17.50
938020,Наличен,-,17.50
937701,Наличен,-,18.20
938022,Наличен,-,18.20
938023,Наличен,-,22.30
938000,Наличен,-,20.30
938001,Наличен,-,20.30
938002,Наличен,-,20.30
938003,Наличен,-,24.50
938004,Наличен,-,20.30
938006,Наличен,-,23.10
938007,Наличен,-,23.10
938005,Наличен,-,23.10
938009,Наличен,-,23.10
938013,Наличен,-,30.10
938011,Наличен,-,30.30
938012,Наличен,-,30.30
938010,Наличен,-,30.30
938876,Наличен,-,30.30
943512,Наличен,-,30.70
943510,Наличен,-,30.70
943511,Наличен,-,30.70
943514,Наличен,-,30.70
943513,Наличен,-,30.70
935848,Наличен,-,13.80
936467,Наличен,-,16.20
936556,Наличен,-,8.30
936557,Наличен,-,8.30
936558,Наличен,-,8.90
936559,Наличен,-,8.90
936551,Наличен,-,8.00
936552,Наличен,-,8.00
936571,Наличен,-,8.90
936572,Наличен,-,8.90
936565,Наличен,-,11.90
936566,Наличен,-,11.90
936567,Наличен,-,11.90
936568,Наличен,-,12.00
936563,Наличен,-,8.30
936564,Наличен,-,8.30
936562,Наличен,-,8.90
936561,Наличен,-,8.90
941426,Наличен,-,11.30
941427,Наличен,-,11.30
934051,Наличен,-,17.70
934052,Наличен,-,17.70
936555,Наличен,-,11.90
936560,Наличен,-,8.90
934070,Наличен,-,6.50
934071,Наличен,-,5.70
934072,Наличен,-,7.50
934068,Наличен,-,11.30
934067,Наличен,-,11.30
934053,Наличен,-,5.30
934054,Наличен,-,5.30
934055,Наличен,-,6.20
934056,Наличен,-,6.20
934057,Изчерпан,-,6.60
934058,Наличен,-,6.60
934059,Наличен,-,7.20
934060,Наличен,-,7.20
934045,Наличен,-,8.10
934047,Наличен,-,11.30
934048,Наличен,-,11.30
937633,Наличен,-,12.80
937634,Наличен,-,12.80
934043,Наличен,-,12.80
934044,Наличен,-,12.80
941424,Наличен,-,14.30
941425,Наличен,-,14.30
941423,Наличен,-,14.30
934037,Наличен,-,6.50
934038,Наличен,-,6.50
934039,Наличен,-,7.50
934040,Наличен,-,7.50
931267,Наличен,-,7.20
931268,Наличен,-,7.30
931269,Наличен,-,7.30
931270,Наличен,-,7.80
931271,Наличен,-,7.80
931272,Наличен,-,7.80
931273,Наличен,-,8.60
931274,Наличен,-,8.60
931275,Наличен,-,12.80
931276,Наличен,-,12.80
931291,Наличен,-,7.60
931292,Наличен,-,7.60
931293,Наличен,-,7.60
931294,Наличен,-,7.80
931295,Наличен,-,7.80
931296,Наличен,-,7.80
931289,Наличен,-,8.60
931290,Наличен,-,8.60
931283,Наличен,-,8.10
931284,Наличен,-,8.10
931285,Наличен,-,8.10
931286,Наличен,-,8.10
931277,Наличен,-,8.10
931278,Наличен,-,8.10
931279,Наличен,-,8.10
931280,Наличен,-,9.90
931281,Наличен,-,9.90
931282,Наличен,-,9.90
948549,Наличен,-,16.50
948550,Наличен,-,16.50
948551,Изчерпан,-,16.50
948552,Наличен,-,16.90
948553,Наличен,-,16.90
